GEO_ID,,S1101_C01_001E,S1101_C01_002E
GEO ID,FIPS,Total households,Average household size
1400000U,6037101110,1551,2.52
1400000U,6037101122,1383,3.01
1400000U,6037101220,1349,2.58
1400000U,6037101221,1424,2.58
1400000U,6037101222,928,3.03
1400000U,6037101300,1425,2.82
1400000U,6037101400,1287,2.69
1400000U,6037102103,671,2.73
1400000U,6037102104,1304,2.92
1400000U,6037102105,557,2.89
1400000U,6037102107,1202,2.74
1400000U,6037103101,967,2.8
1400000U,6037103102,1631,2.79
1400000U,6037103201,1577,2.54
1400000U,6037103202,635,3.15
1400000U,6037103300,1238,3.07
1400000U,6037103401,960,2.48
1400000U,6037103402,1343,2.8
1400000U,6037104103,865,4.79
1400000U,6037104105,1589,3.87
1400000U,6037104108,1269,3.91
1400000U,6037104124,1310,2.9
1400000U,6037104201,871,5.32
1400000U,6037104203,1124,4.61
1400000U,6037104204,715,4.49
1400000U,6037104310,927,4.74
1400000U,6037104321,820,3.51
1400000U,6037104322,445,3.96
1400000U,6037104401,607,4.9
1400000U,6037104403,537,4.38
1400000U,6037104404,756,4.4
1400000U,6037104500,626,5.25
1400000U,6037104610,640,4.84
1400000U,6037104620,722,4.86
1400000U,6037104701,909,4.27
1400000U,6037104703,593,3.87
1400000U,6037104704,1198,3.81
1400000U,6037104821,752,4.56
1400000U,6037104822,644,3.82
1400000U,6037104823,693,4.85
1400000U,6037104824,510,5.21
1400000U,6037106010,900,3.98
1400000U,6037106020,1283,3.55
1400000U,6037106111,1368,3.54
1400000U,6037106112,1394,3.57
1400000U,6037106113,1017,3.69
1400000U,6037106114,1705,3.99
1400000U,6037106403,870,4.23
1400000U,6037106405,1190,3.62
1400000U,6037106406,1845,3.52
1400000U,6037106407,812,2.69
1400000U,6037106408,1000,3.71
1400000U,6037106510,1630,3.38
1400000U,6037106520,1421,3.87
1400000U,6037106603,1185,2.96
1400000U,6037106604,1241,3.2
1400000U,6037106641,746,2.94
1400000U,6037106642,1147,2.92
1400000U,6037106643,1353,3.18
1400000U,6037106645,1246,3.01
1400000U,6037106646,963,2.95
1400000U,6037106648,1171,3.89
1400000U,6037106649,641,4.33
1400000U,6037107010,760,4.1
1400000U,6037107020,1151,4
1400000U,6037108101,762,2.97
1400000U,6037108102,1185,3.03
1400000U,6037108103,976,3.04
1400000U,6037108104,553,3.14
1400000U,6037108202,3254,2.86
1400000U,6037108203,1156,2.74
1400000U,6037108204,651,2.73
1400000U,6037109100,850,2.75
1400000U,6037109200,1023,3.07
1400000U,6037109300,904,3.12
1400000U,6037109400,1134,3.68
1400000U,6037109500,990,3.71
1400000U,6037109601,1310,3.68
1400000U,6037109603,1242,3.13
1400000U,6037109604,874,3.32
1400000U,6037109700,1392,3.06
1400000U,6037109800,1524,2.97
1400000U,6037111100,924,3.28
1400000U,6037111201,1042,3.12
1400000U,6037111202,1918,2.87
1400000U,6037111204,1811,3.08
1400000U,6037111205,1333,2.91
1400000U,6037111206,1419,3.02
1400000U,6037111302,1749,2.67
1400000U,6037111303,1436,3.2
1400000U,6037111304,1331,2.33
1400000U,6037111401,674,3.38
1400000U,6037111402,2175,2.74
1400000U,6037113101,1151,2.9
1400000U,6037113102,987,2.8
1400000U,6037113211,1599,2.63
1400000U,6037113212,970,2.85
1400000U,6037113213,1705,2.91
1400000U,6037113231,831,2.6
1400000U,6037113232,1499,2.9
1400000U,6037113234,1637,3.39
1400000U,6037113235,647,2.67
1400000U,6037113237,1560,3.03
1400000U,6037113238,1450,3.14
1400000U,6037113239,890,2.63
1400000U,6037113301,1638,2.91
1400000U,6037113303,1284,2.83
1400000U,6037113322,1512,2.88
1400000U,6037113323,1499,2.38
1400000U,6037113324,992,2.79
1400000U,6037113423,866,3.55
1400000U,6037113424,1073,3
1400000U,6037113425,1370,3.28
1400000U,6037113426,731,3.16
1400000U,6037113427,951,2.47
1400000U,6037113428,1087,3.84
1400000U,6037115101,1795,2.57
1400000U,6037115103,8,3.25
1400000U,6037115104,1976,2.16
1400000U,6037115202,2069,2.89
1400000U,6037115203,1036,2.16
1400000U,6037115204,1575,2.38
1400000U,6037115301,1577,2.82
1400000U,6037115302,1054,3.69
1400000U,6037115401,1947,2.99
1400000U,6037115403,1059,3.26
1400000U,6037115404,851,3.23
1400000U,6037117101,1465,3.58
1400000U,6037117102,802,3.12
1400000U,6037117201,1219,3.34
1400000U,6037117202,923,2.99
1400000U,6037117301,1101,3.26
1400000U,6037117302,1593,3.07
1400000U,6037117303,1178,3.66
1400000U,6037117404,1389,3.87
1400000U,6037117405,855,3.71
1400000U,6037117407,1007,3.54
1400000U,6037117408,718,3.33
1400000U,6037117510,1035,3.67
1400000U,6037117520,1071,4.21
1400000U,6037117530,1711,3.47
1400000U,6037119001,1020,4.36
1400000U,6037119003,844,4.6
1400000U,6037119004,715,3.87
1400000U,6037119201,874,5.03
1400000U,6037119202,1134,4.18
1400000U,6037119310,1232,3.06
1400000U,6037119320,1283,3.49
1400000U,6037119340,1012,3.86
1400000U,6037119341,857,3.21
1400000U,6037119342,786,3.63
1400000U,6037119400,1139,4.41
1400000U,6037119700,1247,3.4
1400000U,6037119801,631,4.04
1400000U,6037119802,791,4.07
1400000U,6037119900,1233,3.63
1400000U,6037120010,763,3.54
1400000U,6037120020,1259,3.46
1400000U,6037120030,709,3.69
1400000U,6037120103,838,3.62
1400000U,6037120104,803,2.96
1400000U,6037120105,853,3.15
1400000U,6037120106,1312,3.3
1400000U,6037120107,1124,3.6
1400000U,6037120108,1424,3.16
1400000U,6037120300,1488,3.56
1400000U,6037120400,2086,2.89
1400000U,6037121010,1206,4.36
1400000U,6037121020,1075,3.39
1400000U,6037121101,989,3.23
1400000U,6037121102,772,2.92
1400000U,6037121210,764,3.63
1400000U,6037121221,517,4.33
1400000U,6037121222,1243,3.89
1400000U,6037121600,779,3.33
1400000U,6037121801,1157,3.38
1400000U,6037121802,695,3.83
1400000U,6037121900,1036,3.18
1400000U,6037122000,1577,3.15
1400000U,6037122120,1185,3.94
1400000U,6037122121,788,3.61
1400000U,6037122122,655,3.79
1400000U,6037122200,876,4.43
1400000U,6037122410,1206,3.15
1400000U,6037122420,1313,3.88
1400000U,6037123010,997,3.96
1400000U,6037123020,684,3.85
1400000U,6037123103,1596,2.45
1400000U,6037123104,1612,2.6
1400000U,6037123203,997,2.99
1400000U,6037123204,1041,3.27
1400000U,6037123205,774,3.82
1400000U,6037123206,791,3
1400000U,6037123301,1651,2.46
1400000U,6037123303,879,3.45
1400000U,6037123304,1767,2.54
1400000U,6037123410,1216,2.8
1400000U,6037123420,1558,2.81
1400000U,6037123510,1602,2.98
1400000U,6037123520,763,3.43
1400000U,6037123601,1915,2.6
1400000U,6037123602,1195,2.67
1400000U,6037123700,1698,2.47
1400000U,6037123800,2255,2.51
1400000U,6037123901,1394,2.84
1400000U,6037123902,1112,2.4
1400000U,6037124000,2174,2.04
1400000U,6037124102,1457,2.5
1400000U,6037124103,567,3.19
1400000U,6037124104,1053,2.62
1400000U,6037124105,840,2.68
1400000U,6037124201,1061,3.61
1400000U,6037124203,772,2.59
1400000U,6037124204,934,2.31
1400000U,6037124300,1196,2.41
1400000U,6037124400,1660,2.71
1400000U,6037124500,1216,2.22
1400000U,6037124600,1252,2.08
1400000U,6037124700,2452,2.15
1400000U,6037124902,1537,2.13
1400000U,6037124903,1601,2.21
1400000U,6037125101,2113,1.88
1400000U,6037125102,834,2.31
1400000U,6037125200,1874,2.05
1400000U,6037125310,1962,1.8
1400000U,6037125321,1409,1.96
1400000U,6037125322,1417,1.4
1400000U,6037125402,2068,2.13
1400000U,6037125403,1412,1.82
1400000U,6037125404,1619,1.78
1400000U,6037125501,1541,1.86
1400000U,6037125502,1942,1.87
1400000U,6037125600,1273,2.31
1400000U,6037127102,1543,3.19
1400000U,6037127103,1288,2.61
1400000U,6037127104,1397,3.14
1400000U,6037127210,1883,2.99
1400000U,6037127220,1697,3.07
1400000U,6037127300,1381,2.77
1400000U,6037127400,1914,3.05
1400000U,6037127520,1497,3.13
1400000U,6037127603,925,3.01
1400000U,6037127604,1443,2.18
1400000U,6037127605,1171,3.19
1400000U,6037127606,1083,2.86
1400000U,6037127711,1135,2.83
1400000U,6037127712,1524,2.51
1400000U,6037127803,1622,3.04
1400000U,6037127804,1632,2.89
1400000U,6037127805,1206,2.67
1400000U,6037127806,1261,2.84
1400000U,6037127910,1513,3.18
1400000U,6037127920,1496,3.09
1400000U,6037128101,1076,2.69
1400000U,6037128102,1600,2.94
1400000U,6037128210,1628,3.24
1400000U,6037128220,1210,2.34
1400000U,6037128302,1463,3.09
1400000U,6037128303,1117,3.06
1400000U,6037128400,1829,2.32
1400000U,6037128500,2091,1.94
1400000U,6037128601,1733,2.89
1400000U,6037128602,1278,2.22
1400000U,6037128703,1631,1.92
1400000U,6037128704,958,2.44
1400000U,6037128801,1969,1.9
1400000U,6037128802,1964,2.13
1400000U,6037128910,1870,2.54
1400000U,6037131021,1016,3.36
1400000U,6037131022,1029,2.82
1400000U,6037131023,824,3.36
1400000U,6037131024,1088,3.64
1400000U,6037131100,1083,3.08
1400000U,6037131200,1216,3.06
1400000U,6037131300,1196,3.74
1400000U,6037131400,1816,3.28
1400000U,6037131600,1320,3.91
1400000U,6037131701,1864,2.84
1400000U,6037131702,1258,3.15
1400000U,6037131801,992,3.02
1400000U,6037131802,764,3.25
1400000U,6037131900,1357,3.14
1400000U,6037132001,1197,2.46
1400000U,6037132002,1184,3.12
1400000U,6037132101,1568,2.75
1400000U,6037132102,2101,2.51
1400000U,6037132301,1353,2.73
1400000U,6037132302,958,3.32
1400000U,6037132501,1292,3.29
1400000U,6037132502,1277,2.72
1400000U,6037132700,1655,2.91
1400000U,6037132900,1264,2.79
1400000U,6037133000,1413,2.92
1400000U,6037133101,642,2.82
1400000U,6037133102,1360,2.58
1400000U,6037134001,946,3.92
1400000U,6037134002,1196,3.15
1400000U,6037134101,1348,4.01
1400000U,6037134103,1316,3.37
1400000U,6037134104,1301,3.38
1400000U,6037134201,1306,3.31
1400000U,6037134302,1391,3.06
1400000U,6037134303,1924,2.85
1400000U,6037134304,933,2.91
1400000U,6037134305,1212,3.17
1400000U,6037134306,1430,2.65
1400000U,6037134421,1514,2.83
1400000U,6037134422,1556,3.13
1400000U,6037134423,1323,2.45
1400000U,6037134424,1030,2.74
1400000U,6037134520,1904,2.74
1400000U,6037134521,770,3.82
1400000U,6037134522,1451,3.26
1400000U,6037134710,1582,3.49
1400000U,6037134720,1769,2.9
1400000U,6037134801,1116,2.77
1400000U,6037134802,839,3.72
1400000U,6037134901,988,2.6
1400000U,6037134904,1420,3.21
1400000U,6037134905,2866,1.95
1400000U,6037134906,1136,2.69
1400000U,6037134907,1696,2.14
1400000U,6037135102,1197,2.89
1400000U,6037135111,1270,3.12
1400000U,6037135113,1315,2.24
1400000U,6037135115,1441,2.23
1400000U,6037135116,1033,1.43
1400000U,6037135201,869,3.55
1400000U,6037135202,1498,3.06
1400000U,6037135204,1639,2.72
1400000U,6037135205,765,2.69
1400000U,6037137000,1703,2.92
1400000U,6037137103,2395,2.32
1400000U,6037137104,971,2.49
1400000U,6037137202,1368,2.41
1400000U,6037137203,837,3.11
1400000U,6037137301,746,2.86
1400000U,6037137302,1548,2.78
1400000U,6037137401,1567,2.88
1400000U,6037137402,2038,2.73
1400000U,6037137501,2026,2.62
1400000U,6037137502,1695,2.56
1400000U,6037137504,662,3
1400000U,6037138000,1832,2.63
1400000U,6037139001,2233,2.46
1400000U,6037139200,2294,2.58
1400000U,6037139301,1479,2.82
1400000U,6037139302,1944,2.45
1400000U,6037139303,2154,2.04
1400000U,6037139401,1158,2.07
1400000U,6037139402,946,3.06
1400000U,6037139502,1163,2.66
1400000U,6037139504,1804,2.07
1400000U,6037139505,1522,1.63
1400000U,6037139506,1486,1.94
1400000U,6037139600,2286,2.25
1400000U,6037139701,2115,2.5
1400000U,6037139703,865,2.8
1400000U,6037139704,982,2.63
1400000U,6037139705,1318,3.11
1400000U,6037139801,1218,2.87
1400000U,6037139802,1424,2.73
1400000U,6037141101,2275,1.95
1400000U,6037141102,1347,2.19
1400000U,6037141201,2133,1.85
1400000U,6037141202,1448,2.04
1400000U,6037141303,1666,1.94
1400000U,6037141304,1499,2.01
1400000U,6037141305,1411,2.04
1400000U,6037141306,1482,2.08
1400000U,6037141400,1990,2.51
1400000U,6037141500,1103,2.74
1400000U,6037141600,1729,2.23
1400000U,6037141700,1162,2.66
1400000U,6037143101,1074,1.93
1400000U,6037143102,1208,1.93
1400000U,6037143200,2065,2.05
1400000U,6037143301,1589,2.13
1400000U,6037143302,1618,2.01
1400000U,6037143401,2304,2.37
1400000U,6037143402,771,2.39
1400000U,6037143500,2334,2.28
1400000U,6037143602,2258,1.97
1400000U,6037143603,1331,1.85
1400000U,6037143605,932,1.96
1400000U,6037143606,1003,1.69
1400000U,6037143700,1800,1.91
1400000U,6037143801,1384,2.46
1400000U,6037143802,1049,2.13
1400000U,6037143901,1583,2.65
1400000U,6037143902,1389,2.2
1400000U,6037181000,2197,2.7
1400000U,6037181300,1288,3.04
1400000U,6037181400,1647,2.69
1400000U,6037181500,1325,3.1
1400000U,6037181600,1055,2.65
1400000U,6037183101,1154,2.38
1400000U,6037183103,1623,2.8
1400000U,6037183104,744,2.55
1400000U,6037183220,1066,2.83
1400000U,6037183221,1137,3.07
1400000U,6037183222,1555,2.32
1400000U,6037183300,1100,2.94
1400000U,6037183401,819,2.91
1400000U,6037183402,1061,2.66
1400000U,6037183510,775,3.03
1400000U,6037183520,1165,3.25
1400000U,6037183610,1004,2.74
1400000U,6037183620,1053,2.86
1400000U,6037183701,1311,2.43
1400000U,6037183702,1129,2.72
1400000U,6037183810,1518,2.77
1400000U,6037183820,1269,2.64
1400000U,6037185101,1015,2.67
1400000U,6037185102,1419,2.36
1400000U,6037185202,1501,2.73
1400000U,6037185203,886,3.04
1400000U,6037185204,718,2.46
1400000U,6037185310,867,3.34
1400000U,6037185320,925,2.95
1400000U,6037186100,1838,2.57
1400000U,6037186201,1296,2.61
1400000U,6037186202,723,2.32
1400000U,6037186203,1062,2.82
1400000U,6037186301,829,3.15
1400000U,6037186302,1850,2.6
1400000U,6037186401,857,3.14
1400000U,6037186403,761,3.41
1400000U,6037186404,786,3.33
1400000U,6037187101,1210,2.46
1400000U,6037187102,1593,2.91
1400000U,6037187200,1048,2.55
1400000U,6037187300,1645,2.24
1400000U,6037188100,1859,2
1400000U,6037188201,1572,1.92
1400000U,6037188202,1288,2.35
1400000U,6037188300,1327,2.61
1400000U,6037189101,1218,1.91
1400000U,6037189102,1952,1.97
1400000U,6037189201,1775,1.64
1400000U,6037189202,1367,2.15
1400000U,6037189300,1398,2.1
1400000U,6037189400,1540,1.96
1400000U,6037189501,1447,1.51
1400000U,6037189502,1259,1.46
1400000U,6037189600,2006,1.82
1400000U,6037189702,1363,1.65
1400000U,6037189703,1018,1.84
1400000U,6037189704,811,1.92
1400000U,6037189801,1388,1.28
1400000U,6037189802,1105,1.58
1400000U,6037189903,1636,1.37
1400000U,6037189904,1453,1.59
1400000U,6037189905,1386,1.72
1400000U,6037189906,1466,1.67
1400000U,6037189907,1357,1.79
1400000U,6037190101,1207,1.41
1400000U,6037190102,1460,1.79
1400000U,6037190201,1456,1.79
1400000U,6037190202,2205,1.3
1400000U,6037190302,1217,2.1
1400000U,6037190303,1564,1.54
1400000U,6037190401,1584,1.77
1400000U,6037190402,1161,1.88
1400000U,6037190510,1712,2.3
1400000U,6037190520,1527,2.35
1400000U,6037190701,767,1.84
1400000U,6037190702,720,1.6
1400000U,6037190801,1338,1.73
1400000U,6037190802,1528,1.77
1400000U,6037190901,1227,2.64
1400000U,6037190902,1608,2.32
1400000U,6037191000,3071,1.64
1400000U,6037191110,1005,1.89
1400000U,6037191120,1524,2.41
1400000U,6037191201,1668,2.02
1400000U,6037191203,994,2.17
1400000U,6037191204,695,2.12
1400000U,6037191301,932,2.12
1400000U,6037191302,836,2.02
1400000U,6037191410,1341,2.34
1400000U,6037191420,1095,2.99
1400000U,6037191500,1815,3.09
1400000U,6037191610,1417,2.77
1400000U,6037191620,912,2.92
1400000U,6037191710,1229,2.17
1400000U,6037191720,1407,2.48
1400000U,6037191810,1194,2.35
1400000U,6037191820,1935,1.96
1400000U,6037191901,2203,1.78
1400000U,6037191902,1553,1.82
1400000U,6037192001,1056,1.73
1400000U,6037192002,1310,1.91
1400000U,6037192300,1429,1.81
1400000U,6037192410,1891,2.15
1400000U,6037192420,1379,2.57
1400000U,6037192510,1234,2.99
1400000U,6037192520,1574,3.25
1400000U,6037192610,1469,2.65
1400000U,6037192620,1181,2.96
1400000U,6037192700,1258,2.26
1400000U,6037194101,1747,1.8
1400000U,6037194102,1240,2.01
1400000U,6037194200,1663,2.07
1400000U,6037194300,1385,1.98
1400000U,6037194401,1442,1.71
1400000U,6037194402,2119,1.44
1400000U,6037194500,990,1.96
1400000U,6037195100,2177,2.17
1400000U,6037195201,1557,1.73
1400000U,6037195202,1453,2.29
1400000U,6037195300,1449,1.99
1400000U,6037195400,2316,1.81
1400000U,6037195500,2387,2.1
1400000U,6037195600,1180,2.26
1400000U,6037195710,1525,2.47
1400000U,6037195720,845,2.1
1400000U,6037195802,1075,2.75
1400000U,6037195803,1046,2.16
1400000U,6037195804,1115,2.23
1400000U,6037195901,1111,2.14
1400000U,6037195902,974,1.83
1400000U,6037195903,880,2.18
1400000U,6037197200,1193,3.02
1400000U,6037197300,1759,2.18
1400000U,6037197410,1763,2.11
1400000U,6037197420,1615,2.39
1400000U,6037197500,1746,2.22
1400000U,6037197600,861,2.46
1400000U,6037197700,2108,2.35
1400000U,6037199001,676,3.28
1400000U,6037199002,1065,2.45
1400000U,6037199110,777,3.16
1400000U,6037199120,1089,3.36
1400000U,6037199201,1116,3.17
1400000U,6037199202,898,2.88
1400000U,6037199300,1292,3.14
1400000U,6037199400,1495,2.98
1400000U,6037199700,1246,2.41
1400000U,6037199801,910,4.11
1400000U,6037199802,601,3.43
1400000U,6037199900,861,2.72
1400000U,6037201110,767,3.04
1400000U,6037201120,1281,3.07
1400000U,6037201200,753,3.6
1400000U,6037201301,1077,3.05
1400000U,6037201302,1870,2.14
1400000U,6037201401,1302,3.55
1400000U,6037201402,1501,2.96
1400000U,6037201501,1515,3.66
1400000U,6037201503,992,3.29
1400000U,6037201504,624,3.49
1400000U,6037201601,691,3.38
1400000U,6037201602,735,3.47
1400000U,6037201700,1449,2.69
1400000U,6037203100,1257,3.46
1400000U,6037203200,1321,4.1
1400000U,6037203300,471,2.51
1400000U,6037203500,973,2.95
1400000U,6037203601,818,3.2
1400000U,6037203602,580,3.58
1400000U,6037203710,805,4.28
1400000U,6037203720,1018,3.82
1400000U,6037203800,1245,3.8
1400000U,6037203900,687,4.56
1400000U,6037204110,853,3.63
1400000U,6037204120,699,3.71
1400000U,6037204200,1039,3.3
1400000U,6037204300,1374,3.77
1400000U,6037204410,690,3.79
1400000U,6037204420,847,3.41
1400000U,6037204600,1148,3.58
1400000U,6037204700,1231,3.93
1400000U,6037204810,1364,3.57
1400000U,6037204820,544,4.07
1400000U,6037204910,953,3.17
1400000U,6037204920,687,3.8
1400000U,6037205110,856,4.03
1400000U,6037205120,904,4.02
1400000U,6037206010,1508,2.45
1400000U,6037206020,251,1.74
1400000U,6037206050,768,2.82
1400000U,6037206051,882,1.5
1400000U,6037206052,1790,1.76
1400000U,6037206053,1152,2.46
1400000U,6037206054,625,3.84
1400000U,6037206201,1189,1.53
1400000U,6037206202,1222,1.43
1400000U,6037206301,1142,1.07
1400000U,6037206302,651,1.09
1400000U,6037206303,558,1.04
1400000U,6037207101,1660,2.33
1400000U,6037207102,1499,2.12
1400000U,6037207103,896,2.25
1400000U,6037207303,1832,1.3
1400000U,6037207304,1614,1.39
1400000U,6037207305,634,1.24
1400000U,6037207306,1512,1.22
1400000U,6037207307,1131,1.17
1400000U,6037207308,770,1.65
1400000U,6037207400,763,1.95
1400000U,6037207501,1243,1.6
1400000U,6037207502,2463,1.36
1400000U,6037207711,1574,1.33
1400000U,6037207712,2972,1.47
1400000U,6037207901,2217,1.45
1400000U,6037207902,4519,1.6
1400000U,6037208001,1180,2.08
1400000U,6037208002,1300,3.19
1400000U,6037208301,588,3.24
1400000U,6037208302,1743,2.73
1400000U,6037208401,1386,2.95
1400000U,6037208402,848,3.21
1400000U,6037208501,870,2.94
1400000U,6037208502,1463,2.85
1400000U,6037208610,1491,2.75
1400000U,6037208620,1591,2.44
1400000U,6037208710,2128,2.23
1400000U,6037208720,1526,2.57
1400000U,6037208801,1380,2.32
1400000U,6037208802,1408,1.93
1400000U,6037208902,683,3.36
1400000U,6037208903,1132,3.32
1400000U,6037208904,1349,2.75
1400000U,6037209103,1105,3.3
1400000U,6037209104,948,2.51
1400000U,6037209105,1049,3.08
1400000U,6037209106,1273,1.98
1400000U,6037209201,1863,1.61
1400000U,6037209202,556,2.66
1400000U,6037209300,2209,2.14
1400000U,6037209401,1546,2.47
1400000U,6037209402,1258,3.17
1400000U,6037209403,1506,2.71
1400000U,6037209510,935,2.72
1400000U,6037209520,947,2.7
1400000U,6037209810,756,2.85
1400000U,6037209820,790,3.21
1400000U,6037210010,1241,2.67
1400000U,6037211000,2123,2.41
1400000U,6037211121,982,2.36
1400000U,6037211122,1111,2.28
1400000U,6037211123,1047,1.67
1400000U,6037211124,2035,2.09
1400000U,6037211201,1044,2.2
1400000U,6037211202,956,2.41
1400000U,6037211310,1431,2.31
1400000U,6037211320,1218,2.71
1400000U,6037211410,1140,2.6
1400000U,6037211420,1328,2.72
1400000U,6037211500,1848,2.2
1400000U,6037211701,1245,2.15
1400000U,6037211703,2126,2.17
1400000U,6037211704,1653,1.69
1400000U,6037211802,2153,2.11
1400000U,6037211803,1652,2.13
1400000U,6037211804,1289,2.38
1400000U,6037211910,1922,2.13
1400000U,6037211921,934,2.26
1400000U,6037211922,1379,2.48
1400000U,6037212101,1520,1.72
1400000U,6037212102,1218,2.2
1400000U,6037212202,1282,2.65
1400000U,6037212203,1493,1.76
1400000U,6037212204,1460,2.35
1400000U,6037212303,1603,2.4
1400000U,6037212304,771,2.23
1400000U,6037212305,941,2.9
1400000U,6037212306,1107,2.69
1400000U,6037212410,1529,2.67
1400000U,6037212420,1124,2.27
1400000U,6037212501,905,2.1
1400000U,6037212502,1417,2.04
1400000U,6037212610,1917,2.2
1400000U,6037212620,1778,2.08
1400000U,6037212701,802,2.62
1400000U,6037212702,1377,2.34
1400000U,6037212800,1316,2.41
1400000U,6037212900,1485,2.54
1400000U,6037213100,1048,2.64
1400000U,6037213201,1657,2.51
1400000U,6037213202,1228,3.12
1400000U,6037213310,917,2.78
1400000U,6037213320,956,2.66
1400000U,6037213401,1648,2.91
1400000U,6037213402,1735,2.69
1400000U,6037214000,1198,3.08
1400000U,6037214100,1714,2.08
1400000U,6037214400,1730,1.61
1400000U,6037214501,1651,2.23
1400000U,6037214503,1517,2.18
1400000U,6037214504,1697,2.08
1400000U,6037214505,935,1.57
1400000U,6037214600,1272,1.68
1400000U,6037214700,1209,1.84
1400000U,6037214800,1435,1.94
1400000U,6037214902,1473,1.63
1400000U,6037214903,1085,1.39
1400000U,6037214904,847,1.63
1400000U,6037215101,1835,1.53
1400000U,6037215102,2006,1.47
1400000U,6037216100,962,2.24
1400000U,6037216201,1427,1.67
1400000U,6037216202,1375,1.78
1400000U,6037216301,598,2.41
1400000U,6037216302,1727,1.86
1400000U,6037216401,1625,1.97
1400000U,6037216402,1214,1.98
1400000U,6037216700,1614,2.05
1400000U,6037216800,1413,2.35
1400000U,6037216901,1289,2.05
1400000U,6037216902,1187,1.76
1400000U,6037217001,972,2.72
1400000U,6037217002,1904,2.51
1400000U,6037217101,890,2.82
1400000U,6037217102,1232,2.16
1400000U,6037217200,1686,2.27
1400000U,6037218110,1247,2.78
1400000U,6037218120,1284,2.74
1400000U,6037218210,1222,3.14
1400000U,6037218220,1461,2.61
1400000U,6037218300,2166,2.27
1400000U,6037218400,1331,3.02
1400000U,6037218500,970,2.85
1400000U,6037218600,1103,2.69
1400000U,6037218701,838,2.43
1400000U,6037218702,848,3.06
1400000U,6037218800,961,2.7
1400000U,6037218900,2149,2.37
1400000U,6037219010,1018,2.96
1400000U,6037219020,1250,3.65
1400000U,6037219300,1400,2.6
1400000U,6037219500,820,2.5
1400000U,6037219700,1330,3.34
1400000U,6037219800,957,3.18
1400000U,6037219901,1535,3.21
1400000U,6037219902,1173,3
1400000U,6037220000,2174,2.04
1400000U,6037220100,1108,2.33
1400000U,6037221110,1041,2.88
1400000U,6037221120,775,3.73
1400000U,6037221210,868,3.54
1400000U,6037221220,924,3.19
1400000U,6037221302,1160,3.06
1400000U,6037221303,725,3.43
1400000U,6037221304,1157,3.06
1400000U,6037221401,1182,2.4
1400000U,6037221402,935,3.04
1400000U,6037221500,1089,3.17
1400000U,6037221601,990,3.34
1400000U,6037221602,864,2.84
1400000U,6037221710,921,3.12
1400000U,6037221810,907,2.9
1400000U,6037221820,967,2.08
1400000U,6037221900,948,2.89
1400000U,6037222001,950,3.23
1400000U,6037222002,1409,3.66
1400000U,6037222100,1175,3.44
1400000U,6037222200,1291,3
1400000U,6037222500,1177,3.91
1400000U,6037222600,1679,3.32
1400000U,6037222700,151,3.19
1400000U,6037224010,1710,1.81
1400000U,6037224020,914,2.86
1400000U,6037224200,750,3.22
1400000U,6037224310,584,3.2
1400000U,6037224320,1107,2.97
1400000U,6037224410,1109,2.61
1400000U,6037224420,878,2.5
1400000U,6037224600,772,3.61
1400000U,6037224701,333,2.61
1400000U,6037224702,714,2.22
1400000U,6037226001,577,3.75
1400000U,6037226002,1194,1.62
1400000U,6037226410,843,4.25
1400000U,6037226420,1303,4.07
1400000U,6037226701,622,4.58
1400000U,6037226702,872,4.91
1400000U,6037227010,1092,4.16
1400000U,6037227020,766,4.59
1400000U,6037228100,1182,4.36
1400000U,6037228210,1001,4.11
1400000U,6037228220,973,4.62
1400000U,6037228310,1085,4.14
1400000U,6037228320,740,4.53
1400000U,6037228410,716,4.71
1400000U,6037228420,667,4.75
1400000U,6037228500,1157,4.37
1400000U,6037228600,1079,4.63
1400000U,6037228710,1045,3.95
1400000U,6037228720,1126,4.26
1400000U,6037228800,1278,4.18
1400000U,6037228900,874,3.39
1400000U,6037229100,1097,4.23
1400000U,6037229200,1204,3.67
1400000U,6037229300,1381,4.29
1400000U,6037229410,835,4.7
1400000U,6037229420,1031,4.19
1400000U,6037231100,687,3.92
1400000U,6037231210,1184,3.6
1400000U,6037231220,1393,3.08
1400000U,6037231301,788,3.13
1400000U,6037231302,820,3.76
1400000U,6037231400,1517,3.42
1400000U,6037231500,1486,3.45
1400000U,6037231601,738,3.28
1400000U,6037231602,630,3.2
1400000U,6037231603,745,3.68
1400000U,6037231710,1171,3.65
1400000U,6037231720,1464,3.59
1400000U,6037231800,1431,3.67
1400000U,6037231901,737,3.84
1400000U,6037231902,790,4.03
1400000U,6037232110,824,4.01
1400000U,6037232120,1469,3.59
1400000U,6037232200,861,3.98
1400000U,6037232300,1198,4.13
1400000U,6037232401,1104,3.43
1400000U,6037232402,963,3.16
1400000U,6037232500,1506,3.1
1400000U,6037232601,522,3.39
1400000U,6037232602,1346,4.11
1400000U,6037232701,538,4.54
1400000U,6037232702,1007,4.53
1400000U,6037232800,936,4.73
1400000U,6037234001,977,2.4
1400000U,6037234002,1073,2.81
1400000U,6037234200,1132,2.26
1400000U,6037234301,999,1.69
1400000U,6037234302,1402,1.74
1400000U,6037234501,878,3.24
1400000U,6037234502,1125,2.4
1400000U,6037234600,1621,2.94
1400000U,6037234700,1241,2.97
1400000U,6037234800,1139,3
1400000U,6037234901,1250,2.17
1400000U,6037234902,2016,2.17
1400000U,6037235100,1749,2.33
1400000U,6037235201,969,2.88
1400000U,6037235202,1688,2.29
1400000U,6037236001,1961,2.15
1400000U,6037236101,1274,1.88
1400000U,6037236102,1849,1.93
1400000U,6037236203,1484,2.51
1400000U,6037236204,1199,2.48
1400000U,6037236205,1260,2.72
1400000U,6037236206,1280,2.33
1400000U,6037236400,2072,2.19
1400000U,6037237101,959,3.99
1400000U,6037237102,994,4.06
1400000U,6037237201,1003,4.11
1400000U,6037237202,1250,3.7
1400000U,6037237300,1826,3.31
1400000U,6037237401,1061,4.08
1400000U,6037237402,1042,3.71
1400000U,6037237500,760,3.66
1400000U,6037237600,1171,3.42
1400000U,6037237710,1075,4.13
1400000U,6037237720,924,4.09
1400000U,6037237800,1173,3.25
1400000U,6037237900,1364,3.02
1400000U,6037238000,2215,2.49
1400000U,6037238100,2127,2.36
1400000U,6037238200,2189,2.81
1400000U,6037238310,1370,3.86
1400000U,6037238320,1125,3.1
1400000U,6037238400,1766,2.86
1400000U,6037239201,839,4.24
1400000U,6037239202,1213,4.63
1400000U,6037239310,924,4.33
1400000U,6037239320,789,3.88
1400000U,6037239330,738,4.03
1400000U,6037239501,985,3.69
1400000U,6037239502,836,4.33
1400000U,6037239601,917,3.99
1400000U,6037239602,897,4.37
1400000U,6037239701,1093,4.12
1400000U,6037239702,1118,4.05
1400000U,6037239801,953,4.26
1400000U,6037239802,1330,4.33
1400000U,6037240010,1034,3.76
1400000U,6037240020,1282,4.07
1400000U,6037240200,1490,4.21
1400000U,6037240301,912,3.26
1400000U,6037240302,704,4.03
1400000U,6037240401,1579,4.05
1400000U,6037240402,1133,3.76
1400000U,6037240500,1665,4.03
1400000U,6037240600,1199,4.52
1400000U,6037240700,1633,3.87
1400000U,6037240800,1077,4.12
1400000U,6037240901,562,4.82
1400000U,6037240902,759,4.81
1400000U,6037241001,1122,4.14
1400000U,6037241002,986,3.82
1400000U,6037241110,831,4.6
1400000U,6037241120,1254,3.25
1400000U,6037241201,932,3.44
1400000U,6037241202,1635,3.22
1400000U,6037241300,722,3.28
1400000U,6037241400,947,4.18
1400000U,6037242000,1167,3.47
1400000U,6037242100,744,3.6
1400000U,6037242201,1008,3.98
1400000U,6037242202,758,3.85
1400000U,6037242300,1292,3.86
1400000U,6037242600,1373,3.41
1400000U,6037242700,1288,3.83
1400000U,6037243001,765,4.41
1400000U,6037243002,582,4.89
1400000U,6037243100,1516,3.53
1400000U,6037261102,1382,2.53
1400000U,6037261103,719,2.46
1400000U,6037261104,622,2.49
1400000U,6037261200,1606,2.47
1400000U,6037262100,1001,2.45
1400000U,6037262200,1697,2.51
1400000U,6037262301,828,2.64
1400000U,6037262302,1316,2.15
1400000U,6037262303,1042,2.63
1400000U,6037262400,1068,2.7
1400000U,6037262501,1328,2.79
1400000U,6037262601,1238,2.69
1400000U,6037262604,2177,2.64
1400000U,6037262704,1532,2.32
1400000U,6037262706,1266,2.75
1400000U,6037262802,1441,2.44
1400000U,6037264000,1211,2.45
1400000U,6037264102,1654,1.7
1400000U,6037264103,1549,1.79
1400000U,6037264303,1515,1.79
1400000U,6037264304,1310,1.8
1400000U,6037264305,1812,2.43
1400000U,6037264306,862,1.98
1400000U,6037265100,1280,1.89
1400000U,6037265201,837,2.39
1400000U,6037265203,1069,1.86
1400000U,6037265204,681,2.24
1400000U,6037265301,0,-
1400000U,6037265303,1513,3.13
1400000U,6037265304,941,2.4
1400000U,6037265306,471,2.73
1400000U,6037265307,1038,1.67
1400000U,6037265410,642,2.59
1400000U,6037265420,607,2.43
1400000U,6037265521,1083,1.45
1400000U,6037265522,970,2.14
1400000U,6037265523,1309,1.67
1400000U,6037265524,1308,2.19
1400000U,6037265601,1402,2.09
1400000U,6037265602,1542,1.89
1400000U,6037265701,812,2.13
1400000U,6037265702,1510,1.98
1400000U,6037267101,1411,2.22
1400000U,6037267102,1524,1.92
1400000U,6037267201,1359,2.04
1400000U,6037267202,1633,2.24
1400000U,6037267300,2051,1.83
1400000U,6037267403,1853,1.91
1400000U,6037267404,1584,2.1
1400000U,6037267405,1375,1.78
1400000U,6037267406,1069,1.79
1400000U,6037267502,1649,1.96
1400000U,6037267503,1167,1.85
1400000U,6037267504,1817,1.87
1400000U,6037267600,1283,1.9
1400000U,6037267700,1904,2.04
1400000U,6037267800,1556,1.95
1400000U,6037267901,1708,1.54
1400000U,6037267902,1692,2.1
1400000U,6037269000,2051,2.2
1400000U,6037269100,1574,2.68
1400000U,6037269300,1395,2.7
1400000U,6037269500,1298,2.97
1400000U,6037269601,1034,3.4
1400000U,6037269602,905,2.62
1400000U,6037269700,1493,2.52
1400000U,6037269800,1494,2.04
1400000U,6037269903,1787,1.76
1400000U,6037269905,1356,1.64
1400000U,6037269906,1612,2.06
1400000U,6037269907,1297,1.89
1400000U,6037269908,1275,1.45
1400000U,6037269909,1184,1.65
1400000U,6037270101,1184,1.63
1400000U,6037270102,1093,2.01
1400000U,6037270200,1280,2.71
1400000U,6037270300,1137,2.44
1400000U,6037271100,880,2.72
1400000U,6037271200,1125,2.01
1400000U,6037271300,2103,2.44
1400000U,6037271400,1311,2.49
1400000U,6037271500,1309,2.22
1400000U,6037271600,2071,2.31
1400000U,6037271702,1846,2.07
1400000U,6037271703,1335,2.07
1400000U,6037271704,1334,2.23
1400000U,6037271801,1572,1.94
1400000U,6037271803,1595,2.03
1400000U,6037271804,1024,2.32
1400000U,6037271901,1365,2.27
1400000U,6037271902,1869,2.04
1400000U,6037272100,1840,2.37
1400000U,6037272201,997,1.98
1400000U,6037272202,1589,1.95
1400000U,6037272301,1380,2.21
1400000U,6037272302,1875,2
1400000U,6037273100,1233,2.14
1400000U,6037273200,1422,2.03
1400000U,6037273300,1403,2.15
1400000U,6037273403,860,1.39
1400000U,6037273404,1173,1.2
1400000U,6037273502,1660,1.57
1400000U,6037273600,1119,1.88
1400000U,6037273700,1183,2.36
1400000U,6037273800,1475,2.02
1400000U,6037273902,2172,1.81
1400000U,6037274100,2132,1.98
1400000U,6037274202,2172,1.76
1400000U,6037275101,441,2.2
1400000U,6037275102,1315,3.23
1400000U,6037275200,1631,2.29
1400000U,6037275311,2592,1.92
1400000U,6037275312,1034,1.93
1400000U,6037275313,1689,1.95
1400000U,6037275400,2333,1.78
1400000U,6037275500,1767,2.71
1400000U,6037275603,1226,2.3
1400000U,6037275604,4770,2.1
1400000U,6037275605,1622,1.66
1400000U,6037276000,2941,2.25
1400000U,6037276101,1764,1.69
1400000U,6037276102,1606,2.02
1400000U,6037276400,1463,2.99
1400000U,6037276500,732,2.84
1400000U,6037276601,1666,2.48
1400000U,6037276605,1277,1.85
1400000U,6037276606,1801,1.66
1400000U,6037276607,1426,1.94
1400000U,6037276608,1111,1.84
1400000U,6037277000,2139,2.78
1400000U,6037277100,1085,2.89
1400000U,6037277200,938,1.97
1400000U,6037277400,0,-
1400000U,6037278001,1046,2.11
1400000U,6037278102,1468,2.12
1400000U,6037291110,1361,3.31
1400000U,6037291120,631,3.45
1400000U,6037291130,991,3.52
1400000U,6037291210,1689,2.76
1400000U,6037291220,1067,2.81
1400000U,6037291300,1104,2.84
1400000U,6037292001,1358,3.11
1400000U,6037292002,536,3.65
1400000U,6037293203,1029,2.83
1400000U,6037293204,1039,3.49
1400000U,6037293205,1065,3.25
1400000U,6037293206,784,3.6
1400000U,6037293301,952,2.81
1400000U,6037293302,1617,2.81
1400000U,6037293304,1584,3.35
1400000U,6037293306,836,2.63
1400000U,6037293307,903,2.96
1400000U,6037294110,1066,3.69
1400000U,6037294120,616,4.56
1400000U,6037294200,1384,3.37
1400000U,6037294301,644,4.24
1400000U,6037294302,1221,3.67
1400000U,6037294410,1587,3.29
1400000U,6037294421,985,2.81
1400000U,6037294510,1145,3.58
1400000U,6037294520,913,3.93
1400000U,6037294610,1163,3.45
1400000U,6037294620,1046,4.04
1400000U,6037294701,960,2.83
1400000U,6037294810,1030,3.81
1400000U,6037294820,942,3.49
1400000U,6037294830,1045,3.99
1400000U,6037294900,1008,3.79
1400000U,6037295103,2085,2.57
1400000U,6037296210,1122,3.21
1400000U,6037296220,1768,2.34
1400000U,6037296300,1890,2.58
1400000U,6037296401,1274,2.36
1400000U,6037296402,1175,2.84
1400000U,6037296500,1212,3.03
1400000U,6037296600,2141,2.44
1400000U,6037296901,1549,2.9
1400000U,6037296902,1600,2.76
1400000U,6037297001,611,2.72
1400000U,6037297002,1717,2.55
1400000U,6037297110,1597,2.5
1400000U,6037297120,1099,2.82
1400000U,6037297201,1428,2.71
1400000U,6037297202,1598,2.57
1400000U,6037297300,778,2.72
1400000U,6037297400,1627,1.94
1400000U,6037297501,1027,2.64
1400000U,6037297502,1030,2.64
1400000U,6037297601,1301,2.62
1400000U,6037297602,1654,2.04
1400000U,6037300100,2171,3.16
1400000U,6037300200,1855,2.9
1400000U,6037300301,1982,3.22
1400000U,6037300400,1831,3.13
1400000U,6037300501,1007,2.77
1400000U,6037300503,2226,2.27
1400000U,6037300601,2114,2.81
1400000U,6037300602,1277,2.5
1400000U,6037300701,2028,2.46
1400000U,6037300702,2056,2.86
1400000U,6037300800,2671,2.65
1400000U,6037300901,2031,2.6
1400000U,6037300902,740,2.76
1400000U,6037301000,2031,2.7
1400000U,6037301100,2802,2.54
1400000U,6037301203,1747,2.31
1400000U,6037301204,2179,2.25
1400000U,6037301205,685,3.06
1400000U,6037301206,1833,2.91
1400000U,6037301300,679,2.9
1400000U,6037301400,1267,3
1400000U,6037301501,529,3.31
1400000U,6037301502,2372,3.05
1400000U,6037301601,2267,2.36
1400000U,6037301602,1548,2.46
1400000U,6037301701,1007,2.76
1400000U,6037301702,2135,2.83
1400000U,6037301801,2511,2.16
1400000U,6037301802,2363,2.32
1400000U,6037301901,1774,2.41
1400000U,6037301902,1046,3.03
1400000U,6037302002,1810,2.15
1400000U,6037302003,1517,2.41
1400000U,6037302004,1562,2.6
1400000U,6037302102,2344,2.5
1400000U,6037302103,1898,2.68
1400000U,6037302104,1391,2.54
1400000U,6037302201,1800,2.1
1400000U,6037302202,1941,2.64
1400000U,6037302301,1374,2.56
1400000U,6037302302,1829,2.88
1400000U,6037302401,2721,2.63
1400000U,6037302503,1471,2.64
1400000U,6037302504,1360,2.78
1400000U,6037302505,1416,2.81
1400000U,6037302506,1165,2.74
1400000U,6037310100,1909,2.72
1400000U,6037310201,2006,2.64
1400000U,6037310202,1861,2.67
1400000U,6037310300,1126,2.74
1400000U,6037310400,1245,2.77
1400000U,6037310501,1598,2.33
1400000U,6037310601,2501,2.56
1400000U,6037310602,1164,2.4
1400000U,6037310701,1168,2
1400000U,6037310703,1994,2.52
1400000U,6037310704,2280,1.88
1400000U,6037310705,1403,1.76
1400000U,6037310800,2341,2.41
1400000U,6037310900,2498,2.74
1400000U,6037311000,1473,2.67
1400000U,6037311100,1493,2.77
1400000U,6037311200,1265,2.44
1400000U,6037311300,1662,2.46
1400000U,6037311400,1010,2.35
1400000U,6037311500,2420,2.63
1400000U,6037311601,825,3.05
1400000U,6037311602,2428,1.76
1400000U,6037311700,2727,2.16
1400000U,6037311801,1314,2.25
1400000U,6037311802,1638,2.75
1400000U,6037320101,953,3.62
1400000U,6037320102,928,4.08
1400000U,6037320201,1083,3.83
1400000U,6037320202,1449,4.28
1400000U,6037320300,1916,3.27
1400000U,6037400205,872,2.83
1400000U,6037400206,1843,3.12
1400000U,6037400207,1488,3.12
1400000U,6037400208,495,2.75
1400000U,6037400209,1616,2.72
1400000U,6037400304,2835,2.82
1400000U,6037400402,1332,3.05
1400000U,6037400403,1419,3.03
1400000U,6037400404,1348,3.09
1400000U,6037400501,609,2.88
1400000U,6037400602,1400,3.45
1400000U,6037400603,1815,2.75
1400000U,6037400605,2403,2.5
1400000U,6037400801,1917,2.96
1400000U,6037401001,962,2.8
1400000U,6037401002,1613,2.75
1400000U,6037401101,1880,2.91
1400000U,6037401102,1336,3.12
1400000U,6037401201,1021,3.48
1400000U,6037401202,1320,3.05
1400000U,6037401203,1589,3.1
1400000U,6037401303,776,2.93
1400000U,6037401304,1827,2.87
1400000U,6037401311,2403,2.82
1400000U,6037401312,1883,2.58
1400000U,6037401500,1861,2.99
1400000U,6037401601,2315,2.26
1400000U,6037401602,2147,2.62
1400000U,6037401705,968,3.1
1400000U,6037401706,1612,2.7
1400000U,6037401707,2740,2.93
1400000U,6037401801,1598,2.59
1400000U,6037401802,1387,2.58
1400000U,6037401901,110,2.24
1400000U,6037401902,2984,2.02
1400000U,6037402001,1450,2.74
1400000U,6037402002,1687,2.34
1400000U,6037402101,1081,4.3
1400000U,6037402102,1325,3.9
1400000U,6037402200,2089,3.14
1400000U,6037402301,1395,3.63
1400000U,6037402303,1022,3.67
1400000U,6037402304,1020,4.02
1400000U,6037402403,1102,3.9
1400000U,6037402404,0,-
1400000U,6037402405,560,3.93
1400000U,6037402406,1282,3.68
1400000U,6037402501,1357,3.58
1400000U,6037402503,1122,3.75
1400000U,6037402504,790,3.18
1400000U,6037402601,743,3.75
1400000U,6037402602,1885,2.52
1400000U,6037402702,1386,3.58
1400000U,6037402703,1342,4.02
1400000U,6037402705,865,4.07
1400000U,6037402706,964,3.71
1400000U,6037402801,1136,4.22
1400000U,6037402803,756,4.72
1400000U,6037402804,1005,4.34
1400000U,6037402902,1730,3.8
1400000U,6037402903,986,3.61
1400000U,6037402904,879,4.17
1400000U,6037403000,1615,4.2
1400000U,6037403305,687,3.13
1400000U,6037403316,2587,2.71
1400000U,6037403317,1654,3.01
1400000U,6037403318,2107,2.96
1400000U,6037403319,1612,2.56
1400000U,6037403320,1641,3.16
1400000U,6037403321,1731,3.17
1400000U,6037403323,1735,3.17
1400000U,6037403324,2120,3.09
1400000U,6037403325,1550,3.14
1400000U,6037403326,678,3.56
1400000U,6037403327,822,2.94
1400000U,6037403328,1693,3.18
1400000U,6037403401,1453,3.37
1400000U,6037403402,992,3.31
1400000U,6037403403,1664,3.14
1400000U,6037403404,656,3.55
1400000U,6037403407,629,3.49
1400000U,6037403408,1951,3.15
1400000U,6037403409,1271,3.23
1400000U,6037403500,532,2.81
1400000U,6037403601,2136,3.27
1400000U,6037403702,1287,3.15
1400000U,6037403703,1506,2.97
1400000U,6037403721,1777,3.06
1400000U,6037403722,1678,3.23
1400000U,6037403801,2113,2.68
1400000U,6037403802,2164,2.98
1400000U,6037403901,890,3.4
1400000U,6037403902,1490,3.16
1400000U,6037404000,1352,3.43
1400000U,6037404100,1480,4.23
1400000U,6037404201,983,3.45
1400000U,6037404203,880,3.74
1400000U,6037404301,1503,3.94
1400000U,6037404302,640,3.44
1400000U,6037404401,1054,3.61
1400000U,6037404402,1170,3.89
1400000U,6037404501,725,3.84
1400000U,6037404503,829,3.43
1400000U,6037404504,1438,3.68
1400000U,6037404600,443,3.03
1400000U,6037404701,1366,4.13
1400000U,6037404702,1379,3.49
1400000U,6037404703,724,4.4
1400000U,6037404804,1085,4.08
1400000U,6037404805,749,3.97
1400000U,6037404806,1519,3.74
1400000U,6037404901,1336,4.21
1400000U,6037404902,870,3.84
1400000U,6037404903,633,3.98
1400000U,6037405001,1357,4.13
1400000U,6037405002,737,4.54
1400000U,6037405101,1260,3.98
1400000U,6037405102,1452,3.34
1400000U,6037405201,1443,3.67
1400000U,6037405202,1127,4.1
1400000U,6037405203,697,4.34
1400000U,6037405301,970,3.19
1400000U,6037405302,1610,3.5
1400000U,6037405400,1235,3.85
1400000U,6037405500,1834,3.45
1400000U,6037405600,1706,3.28
1400000U,6037405701,1067,3.6
1400000U,6037405702,1488,3.54
1400000U,6037405800,1714,3.26
1400000U,6037405900,1285,3.26
1400000U,6037406000,1533,3.43
1400000U,6037406101,1222,2.49
1400000U,6037406103,2720,2.94
1400000U,6037406201,1265,2.76
1400000U,6037406300,1877,3.26
1400000U,6037406413,2088,3.09
1400000U,6037406500,1981,3.85
1400000U,6037406601,1470,3.31
1400000U,6037406602,1258,3.83
1400000U,6037406701,937,3.56
1400000U,6037406702,2101,2.98
1400000U,6037406801,1317,3.66
1400000U,6037406903,2134,3.61
1400000U,6037407001,1241,4.81
1400000U,6037407002,718,4.83
1400000U,6037407101,1112,4.15
1400000U,6037407102,1306,4.05
1400000U,6037407201,838,4.24
1400000U,6037407202,766,3.96
1400000U,6037407301,927,4.17
1400000U,6037407302,793,4.31
1400000U,6037407400,536,3.66
1400000U,6037407501,968,4.02
1400000U,6037407502,833,4.81
1400000U,6037407601,1050,3.74
1400000U,6037407602,1045,3.95
1400000U,6037407701,1091,3.99
1400000U,6037407702,1783,3.71
1400000U,6037407801,1012,5.07
1400000U,6037407802,770,4.37
1400000U,6037407901,897,4.81
1400000U,6037407902,507,3.01
1400000U,6037408003,1212,3.95
1400000U,6037408004,836,2.99
1400000U,6037408005,1690,3.09
1400000U,6037408006,1025,3.59
1400000U,6037408133,1682,3.66
1400000U,6037408134,840,3.3
1400000U,6037408135,1345,3.15
1400000U,6037408136,977,3.69
1400000U,6037408137,1430,2.92
1400000U,6037408138,1228,4.1
1400000U,6037408139,878,5.21
1400000U,6037408140,819,4.43
1400000U,6037408141,998,4.69
1400000U,6037408212,1375,3.33
1400000U,6037408213,1768,3.31
1400000U,6037408301,1561,3.75
1400000U,6037408302,1009,3.56
1400000U,6037408303,1256,3.58
1400000U,6037408401,1256,3.52
1400000U,6037408402,1957,3.32
1400000U,6037408503,1973,3.56
1400000U,6037408504,1428,3.67
1400000U,6037408505,728,3.44
1400000U,6037408623,994,3.25
1400000U,6037408624,997,3.03
1400000U,6037408625,1284,2.96
1400000U,6037408626,1349,2.73
1400000U,6037408627,861,3.32
1400000U,6037408628,1848,2.88
1400000U,6037408629,932,3.2
1400000U,6037408631,1436,3.61
1400000U,6037408703,1774,3.24
1400000U,6037408705,1849,2.99
1400000U,6037408707,2137,3.1
1400000U,6037408722,1260,3.3
1400000U,6037408724,1612,3.33
1400000U,6037408725,1896,3.18
1400000U,6037408800,1785,2.51
1400000U,6037408900,2409,2.38
1400000U,6037409000,2168,3.21
1400000U,6037409100,1385,3.95
1400000U,6037430003,1616,3
1400000U,6037430004,1067,2.81
1400000U,6037430005,1285,3
1400000U,6037430101,1896,2.4
1400000U,6037430102,1272,3.93
1400000U,6037430200,457,2.15
1400000U,6037430301,1643,2.69
1400000U,6037430302,2099,2.4
1400000U,6037430400,1441,3.02
1400000U,6037430501,1872,2.45
1400000U,6037430502,3146,2.08
1400000U,6037430600,1432,3.19
1400000U,6037430701,1904,2.7
1400000U,6037430721,1294,2.53
1400000U,6037430723,1880,2.64
1400000U,6037430724,1924,2.62
1400000U,6037430801,2219,3.09
1400000U,6037430802,1329,3.16
1400000U,6037430803,1845,2.72
1400000U,6037430901,1521,2.89
1400000U,6037430902,1888,2.76
1400000U,6037431002,1216,2.39
1400000U,6037431003,1536,3.06
1400000U,6037431004,1196,2.89
1400000U,6037431100,2345,3.01
1400000U,6037431200,1541,3.95
1400000U,6037431300,845,3.01
1400000U,6037431400,1322,2.82
1400000U,6037431501,1545,2.6
1400000U,6037431502,1416,3.09
1400000U,6037431600,1315,2.86
1400000U,6037431701,2099,3.02
1400000U,6037431800,1814,2.52
1400000U,6037431900,1363,2.65
1400000U,6037432001,614,2.99
1400000U,6037432002,1882,2.83
1400000U,6037432101,1426,3.35
1400000U,6037432102,1753,3.27
1400000U,6037432201,1339,3.23
1400000U,6037432202,1135,3.45
1400000U,6037432300,1135,3.45
1400000U,6037432401,1040,3.71
1400000U,6037432402,1619,3.33
1400000U,6037432501,1321,3.23
1400000U,6037432502,958,4.2
1400000U,6037432601,1836,3.53
1400000U,6037432602,1143,3.91
1400000U,6037432700,1398,3.42
1400000U,6037432801,843,2.85
1400000U,6037432802,1496,3.69
1400000U,6037432901,1141,3.5
1400000U,6037432902,796,3.68
1400000U,6037433103,1916,3.72
1400000U,6037433200,1670,3.44
1400000U,6037433302,495,3.72
1400000U,6037433304,1195,3.41
1400000U,6037433305,1278,3.56
1400000U,6037433306,816,3.64
1400000U,6037433307,825,3.37
1400000U,6037433402,1189,3.83
1400000U,6037433403,1257,4.09
1400000U,6037433505,1113,3.85
1400000U,6037433506,1069,3.59
1400000U,6037433601,1310,3.89
1400000U,6037433602,801,3.44
1400000U,6037433803,858,3.69
1400000U,6037433804,1058,4.39
1400000U,6037433901,1378,3.87
1400000U,6037433903,1447,3.56
1400000U,6037434001,1017,4.3
1400000U,6037434003,952,4.06
1400000U,6037434004,710,4.38
1400000U,6037434100,1587,3.84
1400000U,6037460001,651,2.95
1400000U,6037460002,1071,2.58
1400000U,6037460101,2313,2.5
1400000U,6037460200,1836,3.08
1400000U,6037460301,1443,3.3
1400000U,6037460302,1612,2.58
1400000U,6037460401,358,2.79
1400000U,6037460501,1737,3.05
1400000U,6037460502,1467,3.24
1400000U,6037460601,1709,3.04
1400000U,6037460700,1538,3.29
1400000U,6037460800,1174,2.44
1400000U,6037460900,1981,3.24
1400000U,6037461000,1547,3.68
1400000U,6037461100,1778,2.74
1400000U,6037461200,1618,2.6
1400000U,6037461300,2461,2.59
1400000U,6037461400,1167,2.3
1400000U,6037461501,1311,2.73
1400000U,6037461502,1769,2.78
1400000U,6037461600,1769,3.09
1400000U,6037461700,627,2.19
1400000U,6037461901,1693,2.8
1400000U,6037461902,1234,1.5
1400000U,6037462001,1237,3.42
1400000U,6037462002,1111,3.43
1400000U,6037462100,1724,2.71
1400000U,6037462201,1938,2
1400000U,6037462202,1632,1.69
1400000U,6037462301,1797,2.5
1400000U,6037462302,1579,2.03
1400000U,6037462400,1425,2.66
1400000U,6037462500,2550,2.53
1400000U,6037462600,903,2.58
1400000U,6037462700,2372,2.3
1400000U,6037462800,1110,2.58
1400000U,6037462900,1452,2.61
1400000U,6037463000,1078,2.54
1400000U,6037463103,1942,2.8
1400000U,6037463200,1466,2.28
1400000U,6037463300,870,2.22
1400000U,6037463400,2469,2.25
1400000U,6037463500,2423,2.09
1400000U,6037463601,3319,1.69
1400000U,6037463602,3359,1.65
1400000U,6037463700,1704,2.04
1400000U,6037463800,1516,2.62
1400000U,6037463900,1387,2.15
1400000U,6037464000,2440,2.19
1400000U,6037464101,772,2.61
1400000U,6037464102,1205,3.74
1400000U,6037464200,1939,2.99
1400000U,6037480002,1296,2.99
1400000U,6037480011,1754,2.93
1400000U,6037480012,1688,2.9
1400000U,6037480101,1337,3.15
1400000U,6037480102,1313,3.03
1400000U,6037480201,1206,2.94
1400000U,6037480202,1028,2.68
1400000U,6037480302,1739,2.46
1400000U,6037480303,1535,2.86
1400000U,6037480304,1785,2.39
1400000U,6037480400,2256,2.41
1400000U,6037480500,2155,2.51
1400000U,6037480601,1654,2.53
1400000U,6037480602,1671,2.4
1400000U,6037480702,1608,2.84
1400000U,6037480703,1351,3.08
1400000U,6037480704,1835,2.24
1400000U,6037480802,1123,2.84
1400000U,6037480803,1174,2.68
1400000U,6037480804,1798,2.61
1400000U,6037480901,1600,2.61
1400000U,6037480902,1369,3.15
1400000U,6037480903,1074,2.89
1400000U,6037481001,1771,2.47
1400000U,6037481002,2086,2.67
1400000U,6037481101,1389,2.72
1400000U,6037481102,1304,2.74
1400000U,6037481103,1779,2.92
1400000U,6037481201,1308,3.22
1400000U,6037481203,1885,3.27
1400000U,6037481300,867,3.84
1400000U,6037481401,1622,3.19
1400000U,6037481403,877,3.77
1400000U,6037481404,1188,3.3
1400000U,6037481500,1523,2.73
1400000U,6037481603,1190,2.89
1400000U,6037481604,1384,2.88
1400000U,6037481605,996,2.82
1400000U,6037481606,1655,3.02
1400000U,6037481711,1364,3.23
1400000U,6037481712,1702,3.04
1400000U,6037481713,989,2.91
1400000U,6037481714,973,2.82
1400000U,6037481800,842,2.73
1400000U,6037481901,2018,2.79
1400000U,6037481902,1136,2.87
1400000U,6037482001,957,2.78
1400000U,6037482002,2551,2.82
1400000U,6037482101,1488,2.94
1400000U,6037482102,1095,2.9
1400000U,6037482201,1351,2.87
1400000U,6037482202,1660,3.03
1400000U,6037482301,1248,4.14
1400000U,6037482303,1397,3.63
1400000U,6037482304,745,3.73
1400000U,6037482401,1003,3.59
1400000U,6037482403,887,3.58
1400000U,6037482404,1218,2.75
1400000U,6037482502,831,4.16
1400000U,6037482503,1003,3.8
1400000U,6037482521,1441,3.49
1400000U,6037482522,1555,2.75
1400000U,6037482600,2168,2.94
1400000U,6037482701,1348,2.82
1400000U,6037482702,875,2.81
1400000U,6037482801,1266,3.21
1400000U,6037500100,1089,3.27
1400000U,6037500202,1473,3.25
1400000U,6037500203,1245,3.22
1400000U,6037500204,916,2.46
1400000U,6037500300,1134,2.53
1400000U,6037500402,1207,3.95
1400000U,6037500403,1095,3.19
1400000U,6037500404,1195,3.49
1400000U,6037500500,833,3.46
1400000U,6037500600,1187,4.45
1400000U,6037500700,1823,3.9
1400000U,6037500800,1290,3.98
1400000U,6037500900,1800,3.07
1400000U,6037501001,742,4.19
1400000U,6037501002,1328,3.37
1400000U,6037501200,1465,3.5
1400000U,6037501301,1087,2.82
1400000U,6037501302,1547,2.84
1400000U,6037501400,1150,2.69
1400000U,6037501501,809,2.5
1400000U,6037501503,1857,2.97
1400000U,6037501504,1462,2.26
1400000U,6037501600,2211,2.86
1400000U,6037501700,1313,2.95
1400000U,6037501802,1235,2.66
1400000U,6037501803,1405,3.45
1400000U,6037501804,719,3.07
1400000U,6037501900,1316,3.27
1400000U,6037502003,710,3.67
1400000U,6037502004,947,4.27
1400000U,6037502005,1207,3.65
1400000U,6037502100,1686,2.79
1400000U,6037502200,1924,3.61
1400000U,6037502303,1939,4.3
1400000U,6037502401,1330,3.78
1400000U,6037502402,960,3.63
1400000U,6037502500,1103,3.57
1400000U,6037502602,1257,3.32
1400000U,6037502603,773,4.2
1400000U,6037502604,1114,3.5
1400000U,6037502700,2008,3.57
1400000U,6037502801,1789,3.6
1400000U,6037502901,1562,3.71
1400000U,6037503000,1379,4.19
1400000U,6037503103,1238,4.5
1400000U,6037503104,679,3.67
1400000U,6037503105,975,3.65
1400000U,6037503106,1151,3.25
1400000U,6037503201,1018,3.84
1400000U,6037503202,1318,3.35
1400000U,6037503301,1093,3.29
1400000U,6037503302,1735,3.37
1400000U,6037503401,2210,3.33
1400000U,6037503402,1257,3.04
1400000U,6037503501,1982,3.6
1400000U,6037503502,1106,3.82
1400000U,6037503601,1226,3.35
1400000U,6037503602,1179,3.48
1400000U,6037503701,1644,2.94
1400000U,6037503702,1701,3.15
1400000U,6037503704,1936,2.25
1400000U,6037503705,1054,2.51
1400000U,6037503801,1212,2.99
1400000U,6037503802,1732,3.03
1400000U,6037503901,703,3.22
1400000U,6037503902,1518,3.53
1400000U,6037504001,1420,2.37
1400000U,6037504002,1475,3.49
1400000U,6037504101,1359,3.61
1400000U,6037504200,2335,3.1
1400000U,6037530005,1251,2.7
1400000U,6037530006,1656,2.95
1400000U,6037530007,2109,3.1
1400000U,6037530101,1684,3.1
1400000U,6037530102,1598,2.81
1400000U,6037530202,1305,3.19
1400000U,6037530203,949,2.65
1400000U,6037530204,1192,3.39
1400000U,6037530301,603,3.59
1400000U,6037530302,1954,3.28
1400000U,6037530400,1167,3.19
1400000U,6037530500,1125,3.63
1400000U,6037530603,1203,3.67
1400000U,6037530700,566,3.76
1400000U,6037530801,1351,4.27
1400000U,6037530802,840,3.79
1400000U,6037530901,953,4.11
1400000U,6037530902,1201,3.38
1400000U,6037531000,1254,4.1
1400000U,6037531101,1129,4.28
1400000U,6037531102,825,3.01
1400000U,6037531201,1131,3.64
1400000U,6037531202,1097,3.88
1400000U,6037531301,1391,3.78
1400000U,6037531302,1358,4.07
1400000U,6037531502,781,3.95
1400000U,6037531503,805,3.29
1400000U,6037531504,968,4.23
1400000U,6037531602,1009,3.78
1400000U,6037531603,935,3.92
1400000U,6037531604,832,3.91
1400000U,6037531701,1389,4.09
1400000U,6037531702,1357,3.64
1400000U,6037531800,1355,3.53
1400000U,6037531901,1745,3.74
1400000U,6037531902,1064,3.96
1400000U,6037532001,971,3.23
1400000U,6037532002,1036,3.3
1400000U,6037532101,1960,3.59
1400000U,6037532102,908,3.85
1400000U,6037532200,1754,3.97
1400000U,6037532302,1187,3.83
1400000U,6037532303,1266,3.47
1400000U,6037532304,1045,3.15
1400000U,6037532500,1113,3.44
1400000U,6037532605,1224,3.37
1400000U,6037532606,1231,3.16
1400000U,6037532607,1378,3.58
1400000U,6037532700,728,4.54
1400000U,6037532800,966,4.53
1400000U,6037532900,1641,4.03
1400000U,6037533001,1102,4.09
1400000U,6037533002,584,4.11
1400000U,6037533103,777,4.13
1400000U,6037533104,1315,3.36
1400000U,6037533105,649,3.73
1400000U,6037533108,1310,3.62
1400000U,6037533201,665,3.64
1400000U,6037533204,1012,4.39
1400000U,6037533300,836,3.58
1400000U,6037533401,1195,4.12
1400000U,6037533402,976,3.86
1400000U,6037533403,752,3.14
1400000U,6037533501,780,3.66
1400000U,6037533504,994,4.07
1400000U,6037533601,1150,3.72
1400000U,6037533602,1367,3.61
1400000U,6037533603,1735,3.69
1400000U,6037533701,823,3.64
1400000U,6037533702,880,4.05
1400000U,6037533703,896,4.73
1400000U,6037533803,1563,3.64
1400000U,6037533804,1036,3.4
1400000U,6037533805,1051,3.63
1400000U,6037533806,941,4.03
1400000U,6037533901,1301,3.91
1400000U,6037533902,998,4.46
1400000U,6037534001,1301,3.95
1400000U,6037534002,953,4.12
1400000U,6037534101,497,3.89
1400000U,6037534102,1445,4.09
1400000U,6037534201,967,4.17
1400000U,6037534202,1216,4.18
1400000U,6037534203,845,3.78
1400000U,6037534301,1068,3.84
1400000U,6037534302,889,4.33
1400000U,6037534403,810,3.83
1400000U,6037534404,947,3.43
1400000U,6037534405,913,4.35
1400000U,6037534406,1145,3.8
1400000U,6037534501,1313,4.28
1400000U,6037534502,951,3.58
1400000U,6037534700,998,4.46
1400000U,6037534802,637,4.14
1400000U,6037534803,1198,3.96
1400000U,6037534804,988,4.42
1400000U,6037534900,1361,4.25
1400000U,6037535001,925,4.51
1400000U,6037535002,892,4.11
1400000U,6037535101,2011,3.96
1400000U,6037535102,1076,4.24
1400000U,6037535200,1200,5.03
1400000U,6037535300,1387,4.49
1400000U,6037535400,757,4.49
1400000U,6037535501,924,3.5
1400000U,6037535502,1327,3.98
1400000U,6037535503,651,3.65
1400000U,6037535603,962,3.99
1400000U,6037535604,1032,4.12
1400000U,6037535605,1133,4.01
1400000U,6037535606,460,4.07
1400000U,6037535607,1026,4.36
1400000U,6037535701,1440,3.76
1400000U,6037535702,1372,4.72
1400000U,6037535802,1528,3.81
1400000U,6037535803,993,3.63
1400000U,6037535804,1434,4.2
1400000U,6037535901,1643,3.62
1400000U,6037535902,1393,4.35
1400000U,6037536000,984,3.22
1400000U,6037536102,1033,3.37
1400000U,6037536103,1425,3.73
1400000U,6037536104,1039,3.27
1400000U,6037536201,935,3.69
1400000U,6037536202,1186,3.59
1400000U,6037540000,1584,4.65
1400000U,6037540101,1537,4.14
1400000U,6037540102,1312,4.43
1400000U,6037540201,558,4.02
1400000U,6037540202,1579,4.02
1400000U,6037540203,1315,4.09
1400000U,6037540300,1186,3.68
1400000U,6037540400,462,4.13
1400000U,6037540501,943,4.12
1400000U,6037540502,1680,3.96
1400000U,6037540600,1174,3.82
1400000U,6037540700,913,3.28
1400000U,6037540800,1565,3.61
1400000U,6037540901,1227,3.96
1400000U,6037540902,1496,2.8
1400000U,6037541003,1381,3.33
1400000U,6037541100,936,3.21
1400000U,6037541200,1839,3.33
1400000U,6037541300,1477,3.67
1400000U,6037541401,992,3.47
1400000U,6037541402,829,4.33
1400000U,6037541500,1368,3.82
1400000U,6037541603,733,3.82
1400000U,6037541604,1390,3.77
1400000U,6037541605,1489,3.48
1400000U,6037541606,652,4.31
1400000U,6037541700,1376,4.41
1400000U,6037541801,1140,4.8
1400000U,6037541802,1270,3.84
1400000U,6037542000,1198,4.34
1400000U,6037542103,815,4.17
1400000U,6037542104,884,4.83
1400000U,6037542105,1154,4.44
1400000U,6037542106,775,3.33
1400000U,6037542200,1467,4.81
1400000U,6037542401,1150,3.74
1400000U,6037542402,957,4.14
1400000U,6037542501,1294,3.17
1400000U,6037542502,1349,3.77
1400000U,6037542601,780,4.3
1400000U,6037542602,1417,3.75
1400000U,6037542700,1410,4.1
1400000U,6037542800,969,3.33
1400000U,6037542900,806,3.99
1400000U,6037543000,1268,3.01
1400000U,6037543100,1830,3.79
1400000U,6037543201,879,3.93
1400000U,6037543203,1078,3.9
1400000U,6037543304,2086,3.25
1400000U,6037543305,1230,3.04
1400000U,6037543306,1804,3.99
1400000U,6037543321,2011,2.85
1400000U,6037543322,2102,3.28
1400000U,6037543400,946,3.8
1400000U,6037543501,1914,3.15
1400000U,6037543502,1719,2.74
1400000U,6037543503,1892,2.79
1400000U,6037543601,1100,4.16
1400000U,6037543603,1485,2.55
1400000U,6037543605,1535,2.66
1400000U,6037543606,1311,2.64
1400000U,6037543607,1316,3.82
1400000U,6037543701,684,4.53
1400000U,6037543703,1066,3.86
1400000U,6037543704,841,3.77
1400000U,6037543705,983,3.36
1400000U,6037543801,1338,3.56
1400000U,6037543803,1452,2.9
1400000U,6037543804,801,4.45
1400000U,6037543903,1092,3.51
1400000U,6037543905,1050,4.34
1400000U,6037544001,1246,3.24
1400000U,6037544002,834,4.48
1400000U,6037550101,1004,3.8
1400000U,6037550201,769,3.87
1400000U,6037550202,1449,3.59
1400000U,6037550301,1049,4.29
1400000U,6037550501,1115,3.46
1400000U,6037550502,1247,3.39
1400000U,6037550601,1922,3.31
1400000U,6037550602,1145,3.52
1400000U,6037550700,2024,3.18
1400000U,6037550801,1580,2.95
1400000U,6037550802,608,3.35
1400000U,6037550901,1454,3.26
1400000U,6037550902,1860,3.07
1400000U,6037551001,951,3.06
1400000U,6037551002,1390,3.06
1400000U,6037551101,1251,3.1
1400000U,6037551102,1869,2.9
1400000U,6037551201,1212,2.98
1400000U,6037551203,1083,3.49
1400000U,6037551204,1153,2.9
1400000U,6037551300,1859,3.06
1400000U,6037551401,1303,3.18
1400000U,6037551402,1443,3.67
1400000U,6037551501,1431,3.25
1400000U,6037551502,1413,3.33
1400000U,6037551700,1715,3.62
1400000U,6037551801,949,3.35
1400000U,6037551802,1424,2.81
1400000U,6037551900,1361,3.71
1400000U,6037552001,1001,3.84
1400000U,6037552002,943,3.58
1400000U,6037552100,1788,3.29
1400000U,6037552200,1588,3.64
1400000U,6037552301,1137,3.86
1400000U,6037552302,1334,3.18
1400000U,6037552400,552,4.29
1400000U,6037552601,1165,4.7
1400000U,6037552602,992,3.65
1400000U,6037552700,1594,4.07
1400000U,6037552800,1661,3.52
1400000U,6037552900,1906,3.37
1400000U,6037553000,1135,4.53
1400000U,6037553100,1923,3.48
1400000U,6037553201,988,4
1400000U,6037553202,953,3.7
1400000U,6037553300,962,3.62
1400000U,6037553400,1022,3.69
1400000U,6037553502,1142,3.46
1400000U,6037553503,853,3.79
1400000U,6037553504,1324,3.59
1400000U,6037553601,1286,3.67
1400000U,6037553602,1363,3.55
1400000U,6037553701,934,4.2
1400000U,6037553702,1263,3.77
1400000U,6037553801,1027,4.17
1400000U,6037553802,2061,3.15
1400000U,6037553901,1552,3.94
1400000U,6037553902,1561,3.73
1400000U,6037554001,1265,3.56
1400000U,6037554002,1780,3.34
1400000U,6037554101,926,3.39
1400000U,6037554105,1456,2.98
1400000U,6037554106,1285,3.11
1400000U,6037554201,1113,3.21
1400000U,6037554203,1287,2.9
1400000U,6037554204,1792,2.59
1400000U,6037554301,1078,3.18
1400000U,6037554302,1146,3.63
1400000U,6037554403,1779,3.12
1400000U,6037554404,1311,3.44
1400000U,6037554405,1430,2.48
1400000U,6037554406,1591,2.96
1400000U,6037554511,1158,3.52
1400000U,6037554512,2261,2.97
1400000U,6037554513,817,3.05
1400000U,6037554514,1592,2.81
1400000U,6037554515,1138,2.89
1400000U,6037554516,1183,3.26
1400000U,6037554517,1408,3.11
1400000U,6037554518,1564,3.26
1400000U,6037554519,1195,2.84
1400000U,6037554521,1959,3.09
1400000U,6037554522,1497,3.29
1400000U,6037554600,1227,3.18
1400000U,6037554700,952,4.32
1400000U,6037554801,767,3.74
1400000U,6037554802,1773,3.29
1400000U,6037554900,1944,3.58
1400000U,6037555001,1608,3.33
1400000U,6037555002,1255,3.15
1400000U,6037555105,1782,3.4
1400000U,6037555106,955,2.85
1400000U,6037555107,1899,2.96
1400000U,6037555202,1123,3.35
1400000U,6037555211,1372,4.09
1400000U,6037555212,1364,4.15
1400000U,6037555300,1029,3.53
1400000U,6037570001,1553,2.91
1400000U,6037570002,793,3.25
1400000U,6037570003,1345,3
1400000U,6037570100,723,4
1400000U,6037570202,1728,3.74
1400000U,6037570203,1309,3.16
1400000U,6037570204,1316,3.43
1400000U,6037570303,1312,3.52
1400000U,6037570304,1529,3.32
1400000U,6037570305,1480,2.84
1400000U,6037570306,929,3.47
1400000U,6037570402,948,3.43
1400000U,6037570403,1055,3.52
1400000U,6037570404,913,4.35
1400000U,6037570502,1971,3.04
1400000U,6037570503,1142,3.42
1400000U,6037570504,1003,3.78
1400000U,6037570601,1613,3.83
1400000U,6037570602,1684,3.34
1400000U,6037570603,1707,3.11
1400000U,6037570701,2614,2.93
1400000U,6037570703,961,3.18
1400000U,6037570800,1707,3.2
1400000U,6037570901,1780,3.27
1400000U,6037570902,1172,2.86
1400000U,6037571000,1824,3.05
1400000U,6037571101,1669,2.94
1400000U,6037571102,1176,3.13
1400000U,6037571201,1488,2.58
1400000U,6037571202,1567,2.5
1400000U,6037571300,1541,3.1
1400000U,6037571400,1738,2.89
1400000U,6037571502,1801,2.79
1400000U,6037571504,1985,2.53
1400000U,6037571505,930,3.47
1400000U,6037571600,838,2.65
1400000U,6037571701,1751,3.8
1400000U,6037571703,1062,3.15
1400000U,6037571704,1239,3.02
1400000U,6037571800,1250,2.5
1400000U,6037571900,2286,2.57
1400000U,6037572001,2279,2.72
1400000U,6037572201,2023,2.69
1400000U,6037572202,1070,2.99
1400000U,6037572301,938,3.95
1400000U,6037572500,1515,2.44
1400000U,6037572600,1206,4.01
1400000U,6037572700,1366,3.75
1400000U,6037573002,1113,3.38
1400000U,6037573003,615,2.8
1400000U,6037573004,1669,2.85
1400000U,6037573101,1379,3.2
1400000U,6037573102,1017,2.71
1400000U,6037573201,1214,3.24
1400000U,6037573202,1718,3.86
1400000U,6037573300,998,3.76
1400000U,6037573401,523,2.87
1400000U,6037573402,2651,2.59
1400000U,6037573403,1389,2.33
1400000U,6037573601,2354,2.69
1400000U,6037573700,1733,3.1
1400000U,6037573800,1517,2.76
1400000U,6037573902,917,2.32
1400000U,6037574000,1939,2.66
1400000U,6037574100,1849,2.86
1400000U,6037574201,1053,2.96
1400000U,6037574202,753,2.69
1400000U,6037574300,2195,2.87
1400000U,6037574400,2012,2.8
1400000U,6037574500,2310,2.83
1400000U,6037574602,559,2.3
1400000U,6037574800,1532,1.98
1400000U,6037574901,1403,2.76
1400000U,6037574902,1958,2.45
1400000U,6037575001,1816,2.26
1400000U,6037575002,1914,2.13
1400000U,6037575101,1510,2.73
1400000U,6037575102,1345,3.08
1400000U,6037575103,2127,2.34
1400000U,6037575201,1260,3.75
1400000U,6037575202,1110,3.39
1400000U,6037575300,1264,3.26
1400000U,6037575401,1260,3.22
1400000U,6037575402,1071,3.44
1400000U,6037575801,730,3.25
1400000U,6037575802,1680,2.68
1400000U,6037575803,1279,2.05
1400000U,6037575901,1544,2.41
1400000U,6037575902,3245,1.63
1400000U,6037576001,3608,1.49
1400000U,6037576200,3203,1.61
1400000U,6037576301,1951,2.39
1400000U,6037576302,1115,2.76
1400000U,6037576401,1286,3.37
1400000U,6037576402,1312,3.14
1400000U,6037576403,1437,3.48
1400000U,6037576501,1467,1.89
1400000U,6037576502,2059,2.46
1400000U,6037576503,1702,2.12
1400000U,6037576601,2535,1.56
1400000U,6037576602,2686,1.79
1400000U,6037576700,2140,1.77
1400000U,6037576801,1870,1.98
1400000U,6037576802,1857,2.3
1400000U,6037576901,1807,2.83
1400000U,6037576903,1364,2.47
1400000U,6037576904,1180,2.25
1400000U,6037577000,3319,2.07
1400000U,6037577100,3456,2.11
1400000U,6037577200,3265,1.76
1400000U,6037577300,3744,1.58
1400000U,6037577400,1462,1.97
1400000U,6037577501,1706,1.94
1400000U,6037577504,734,1.75
1400000U,6037577602,1639,1.96
1400000U,6037577604,792,1.99
1400000U,6037577605,2085,2.28
1400000U,6037577606,1552,2.58
1400000U,6037577700,1217,3.81
1400000U,6037577800,1354,3.41
1400000U,6037577900,2408,2.13
1400000U,6037578000,1639,3.43
1400000U,6037578100,0,-
1400000U,6037599000,1343,2.48
1400000U,6037599100,54,7.19
1400000U,6037600100,2126,3.17
1400000U,6037600201,1326,4.02
1400000U,6037600202,2243,3.36
1400000U,6037600302,1057,3.16
1400000U,6037600303,1246,3.33
1400000U,6037600304,1079,3.77
1400000U,6037600400,1474,2.68
1400000U,6037600501,849,3.03
1400000U,6037600601,832,2.82
1400000U,6037600602,686,3.91
1400000U,6037600702,1551,2.96
1400000U,6037600703,793,2.21
1400000U,6037600704,1174,2.53
1400000U,6037600801,1202,2.27
1400000U,6037600802,1174,2.12
1400000U,6037600902,2230,2.89
1400000U,6037600911,1046,3.2
1400000U,6037600912,1428,3.38
1400000U,6037601001,1037,1.95
1400000U,6037601002,2013,2.51
1400000U,6037601100,2050,3.25
1400000U,6037601202,1061,3.73
1400000U,6037601211,1093,2.72
1400000U,6037601212,1978,2.74
1400000U,6037601301,741,2.41
1400000U,6037601302,2634,2.61
1400000U,6037601303,2158,2.59
1400000U,6037601401,1740,2.95
1400000U,6037601402,1321,3.36
1400000U,6037601501,973,3.81
1400000U,6037601502,908,4
1400000U,6037601600,1299,3.1
1400000U,6037601700,1343,3.87
1400000U,6037601801,854,3.34
1400000U,6037601802,966,3.63
1400000U,6037601900,1341,3.53
1400000U,6037602002,819,3.77
1400000U,6037602003,1234,3.6
1400000U,6037602103,1738,2.94
1400000U,6037602104,1790,3.44
1400000U,6037602105,1374,2.55
1400000U,6037602106,2274,2.78
1400000U,6037602201,1639,2.61
1400000U,6037602202,990,2.86
1400000U,6037602301,1931,3.45
1400000U,6037602302,1807,2.57
1400000U,6037602402,1963,3.68
1400000U,6037602403,1498,2.92
1400000U,6037602404,1888,3.12
1400000U,6037602504,1818,2.68
1400000U,6037602505,1571,2.84
1400000U,6037602506,1682,2.46
1400000U,6037602507,1944,2.64
1400000U,6037602510,1165,3.09
1400000U,6037602511,1505,2.95
1400000U,6037602512,569,3.38
1400000U,6037602513,482,3.37
1400000U,6037602601,1675,2.99
1400000U,6037602602,1089,2.46
1400000U,6037602700,1231,2.87
1400000U,6037602801,1258,3.19
1400000U,6037602802,1310,3.52
1400000U,6037602900,1329,3.06
1400000U,6037603004,653,2.47
1400000U,6037603005,2042,3.17
1400000U,6037603006,836,2.22
1400000U,6037603007,1172,2.96
1400000U,6037603008,1152,3.45
1400000U,6037603101,1605,2.92
1400000U,6037603102,1251,3.05
1400000U,6037603200,1270,2.65
1400000U,6037603301,1388,2.37
1400000U,6037603302,1585,2.6
1400000U,6037603400,1432,2.68
1400000U,6037603500,875,3.38
1400000U,6037603600,1404,3.06
1400000U,6037603702,1717,2.87
1400000U,6037603703,845,3
1400000U,6037603705,931,3.03
1400000U,6037603706,1047,3.2
1400000U,6037603801,1544,3.08
1400000U,6037603802,1152,3.38
1400000U,6037603901,1238,2.97
1400000U,6037603902,1108,2.89
1400000U,6037604001,1221,4.2
1400000U,6037604002,1422,2.67
1400000U,6037604101,1136,3.6
1400000U,6037604102,863,3.25
1400000U,6037604200,1658,3.48
1400000U,6037609900,612,2.44
1400000U,6037620001,1679,2.57
1400000U,6037620002,1505,2.41
1400000U,6037620101,2124,2.58
1400000U,6037620102,1767,2.05
1400000U,6037620201,916,1.75
1400000U,6037620301,1542,2.91
1400000U,6037620303,1829,2.69
1400000U,6037620305,2298,2.62
1400000U,6037620400,1995,2.58
1400000U,6037620501,2124,2.77
1400000U,6037620521,1784,2.58
1400000U,6037620522,1873,2.53
1400000U,6037620601,2221,2.62
1400000U,6037620602,2006,2.71
1400000U,6037620701,2941,2.6
1400000U,6037620703,1254,2.97
1400000U,6037620704,1163,3.2
1400000U,6037620801,1318,3.04
1400000U,6037620802,1351,2.53
1400000U,6037620901,1056,2.56
1400000U,6037620904,1095,2.53
1400000U,6037621001,1998,2.28
1400000U,6037621005,2408,1.9
1400000U,6037621102,1245,2.74
1400000U,6037621104,3231,2.16
1400000U,6037621201,2980,2.33
1400000U,6037621204,1758,1.57
1400000U,6037621301,2961,2.41
1400000U,6037621324,2036,1.96
1400000U,6037621326,1721,1.76
1400000U,6037621400,1740,2.52
1400000U,6037650001,2243,2.54
1400000U,6037650003,1181,2.58
1400000U,6037650004,1496,2.79
1400000U,6037650101,2079,2.63
1400000U,6037650102,732,2.94
1400000U,6037650200,1847,3.26
1400000U,6037650300,2559,2.84
1400000U,6037650401,1507,2.79
1400000U,6037650501,951,2.97
1400000U,6037650502,1577,2.66
1400000U,6037650603,1521,2.47
1400000U,6037650604,2693,2.09
1400000U,6037650605,1034,2.72
1400000U,6037650606,1745,2.21
1400000U,6037650607,1105,2.48
1400000U,6037650701,970,2.65
1400000U,6037650702,1638,2.87
1400000U,6037650801,1618,2.52
1400000U,6037650802,1318,2.55
1400000U,6037650901,2254,2.26
1400000U,6037650903,1804,2.85
1400000U,6037650904,982,2.68
1400000U,6037651001,1947,2.74
1400000U,6037651002,1774,2.67
1400000U,6037651101,1763,2.56
1400000U,6037651102,1749,2.08
1400000U,6037651201,1689,2.82
1400000U,6037651221,1474,2.58
1400000U,6037651222,2383,2.55
1400000U,6037651302,2213,2.66
1400000U,6037651304,2516,2.04
1400000U,6037651401,1254,2.01
1400000U,6037651402,2103,2.78
1400000U,6037670001,1338,2.7
1400000U,6037670002,1443,2.46
1400000U,6037670003,2352,2.53
1400000U,6037670101,1208,2.65
1400000U,6037670102,1549,2.68
1400000U,6037670201,1416,2.56
1400000U,6037670202,814,3.15
1400000U,6037670324,2162,2.54
1400000U,6037670326,1352,2.44
1400000U,6037670328,1609,2.74
1400000U,6037670405,1134,2.35
1400000U,6037670406,611,2.83
1400000U,6037670407,2343,2.6
1400000U,6037670413,1678,2.86
1400000U,6037670416,1577,2.67
1400000U,6037670417,1044,2.67
1400000U,6037670418,1502,2.99
1400000U,6037670500,570,2.55
1400000U,6037670603,637,2.8
1400000U,6037670604,2069,2.35
1400000U,6037670701,2160,2.96
1400000U,6037670702,2009,2.83
1400000U,6037700101,3501,1.52
1400000U,6037700102,2787,1.64
1400000U,6037700200,4243,1.61
1400000U,6037700300,4113,1.4
1400000U,6037700400,2873,1.63
1400000U,6037700501,2515,1.66
1400000U,6037700502,2804,1.37
1400000U,6037700600,1639,3.04
1400000U,6037700700,1165,3.03
1400000U,6037700801,2293,1.68
1400000U,6037700802,1991,2.01
1400000U,6037700901,1482,2.9
1400000U,6037700902,3170,2.06
1400000U,6037701000,2598,1.99
1400000U,6037701201,1474,2.66
1400000U,6037701202,1747,2
1400000U,6037701302,2943,1.63
1400000U,6037701304,2754,2.28
1400000U,6037701402,3630,1.66
1400000U,6037701501,2649,1.87
1400000U,6037701502,1960,1.64
1400000U,6037701601,1725,2.3
1400000U,6037701602,1951,2.26
1400000U,6037701701,1744,1.92
1400000U,6037701702,1703,1.78
1400000U,6037701801,2730,2.41
1400000U,6037701802,2151,2.21
1400000U,6037701902,3330,1.5
1400000U,6037702002,3345,1.84
1400000U,6037702102,3567,1.57
1400000U,6037702201,2094,1.84
1400000U,6037702202,1752,2.24
1400000U,6037702300,2954,2.28
1400000U,6037702400,2057,2.2
1400000U,6037702501,2243,2.22
1400000U,6037702502,2236,1.85
1400000U,6037702600,2587,2.54
1400000U,6037702700,1296,2.65
1400000U,6037702801,2004,2.64
1400000U,6037702802,996,2.26
1400000U,6037702803,1171,2.22
1400000U,6037702900,5511,1.86
1400000U,6037703002,2736,2.52
1400000U,6037703003,3101,1.98
1400000U,6037703100,2671,2.4
1400000U,6037703200,2240,2.45
1400000U,6037800101,1903,3.01
1400000U,6037800103,1167,2.93
1400000U,6037800104,1408,2.6
1400000U,6037800202,1995,3.06
1400000U,6037800204,1710,2.38
1400000U,6037800205,1630,2.48
1400000U,6037800206,1148,3.14
1400000U,6037800324,2431,2.7
1400000U,6037800325,1404,2.6
1400000U,6037800328,402,3.03
1400000U,6037800333,988,2.15
1400000U,6037800334,1256,2.95
1400000U,6037800335,1818,2.45
1400000U,6037800336,1174,3.32
1400000U,6037800337,1749,2.15
1400000U,6037800338,2058,3.12
1400000U,6037800406,788,2.51
1400000U,6037800410,500,2.4
1400000U,6037800411,984,2.77
1400000U,6037800412,1410,2.57
1400000U,6037800504,933,1.97
1400000U,6037800506,1367,2.46
1400000U,6037900102,262,2.94
1400000U,6037900103,1732,3.75
1400000U,6037900104,1789,3.67
1400000U,6037900301,1009,3.61
1400000U,6037900501,2193,3.6
1400000U,6037900504,1997,3.52
1400000U,6037900505,1330,3.44
1400000U,6037900506,1436,3.54
1400000U,6037900508,1065,3.56
1400000U,6037900509,1325,3.38
1400000U,6037900510,1072,3.69
1400000U,6037900602,1775,3.07
1400000U,6037900606,1426,3.21
1400000U,6037900607,1130,3.46
1400000U,6037900608,1159,3.61
1400000U,6037900609,1490,3.47
1400000U,6037900610,1180,2.72
1400000U,6037900611,1181,4.07
1400000U,6037900701,1538,2.84
1400000U,6037900703,2165,2.41
1400000U,6037900704,1560,2.14
1400000U,6037900705,1820,2.2
1400000U,6037900804,1085,3.53
1400000U,6037900805,1556,3.28
1400000U,6037900806,2087,2.03
1400000U,6037900807,1125,3.43
1400000U,6037900808,1369,3.89
1400000U,6037900901,945,3.2
1400000U,6037900902,584,2.39
1400000U,6037901003,0,-
1400000U,6037901007,717,3.05
1400000U,6037901008,1064,3.14
1400000U,6037901009,1930,2.87
1400000U,6037901010,1857,2.96
1400000U,6037901011,2058,2.6
1400000U,6037901012,1738,3.92
1400000U,6037901013,1208,2.99
1400000U,6037901014,1521,3.43
1400000U,6037901101,1726,3.11
1400000U,6037901102,1936,2.69
1400000U,6037901209,397,2.44
1400000U,6037901210,661,2.59
1400000U,6037901214,1517,3.25
1400000U,6037901215,1528,2.33
1400000U,6037901216,835,2.93
1400000U,6037901217,582,2.63
1400000U,6037901218,743,3.26
1400000U,6037901300,560,3.93
1400000U,6037910002,1979,3.66
1400000U,6037910210,2255,3.4
1400000U,6037910211,438,3.83
1400000U,6037910212,1062,2.95
1400000U,6037910213,481,3.18
1400000U,6037910214,1586,3.45
1400000U,6037910215,2010,3.3
1400000U,6037910216,1410,3.72
1400000U,6037910217,1590,3.37
1400000U,6037910218,1484,3.09
1400000U,6037910301,1608,2.68
1400000U,6037910302,2061,2.98
1400000U,6037910401,2055,2.96
1400000U,6037910404,1219,3.99
1400000U,6037910405,1740,3.35
1400000U,6037910501,2101,2.6
1400000U,6037910502,1362,3.58
1400000U,6037910504,1169,3.73
1400000U,6037910505,861,3.78
1400000U,6037910601,1705,3.76
1400000U,6037910602,1464,3.32
1400000U,6037910605,1350,3.98
1400000U,6037910606,759,4.23
1400000U,6037910607,1174,3.61
1400000U,6037910608,1011,3.58
1400000U,6037910706,1678,4.1
1400000U,6037910707,1470,3.47
1400000U,6037910709,498,3.33
1400000U,6037910712,826,3.99
1400000U,6037910713,1596,4.49
1400000U,6037910714,1002,4.11
1400000U,6037910715,1886,3.46
1400000U,6037910716,1769,3.67
1400000U,6037910717,542,4.22
1400000U,6037910718,1298,4.09
1400000U,6037910719,982,4.74
1400000U,6037910720,1536,3.49
1400000U,6037910721,1047,3.53
1400000U,6037910804,1052,2.76
1400000U,6037910807,1882,3.26
1400000U,6037910808,1145,3.35
1400000U,6037910809,664,3.34
1400000U,6037910810,775,3.78
1400000U,6037910814,1269,2.7
1400000U,6037910815,1675,2.97
1400000U,6037911001,1390,2.61
1400000U,6037911100,2027,3.6
1400000U,6037920013,2331,3.43
1400000U,6037920015,1953,3.3
1400000U,6037920016,1526,3.21
1400000U,6037920017,1318,3.17
1400000U,6037920018,703,2.94
1400000U,6037920020,1869,3.01
1400000U,6037920028,2531,3.58
1400000U,6037920029,1223,3.01
1400000U,6037920030,1957,2.81
1400000U,6037920031,2644,2.24
1400000U,6037920034,1234,3.21
1400000U,6037920035,2478,3.47
1400000U,6037920038,805,3.74
1400000U,6037920039,540,3.11
1400000U,6037920040,1007,3.25
1400000U,6037920041,876,3.37
1400000U,6037920042,2411,2.73
1400000U,6037920043,2476,3.53
1400000U,6037920044,829,3.04
1400000U,6037920045,1454,3.09
1400000U,6037920046,1309,2.86
1400000U,6037920047,1922,3.93
1400000U,6037920048,1754,3.08
1400000U,6037920049,1652,3.36
1400000U,6037920050,484,2.01
1400000U,6037920102,1634,2.91
1400000U,6037920104,825,3.59
1400000U,6037920106,1024,3.67
1400000U,6037920109,1890,2.51
1400000U,6037920110,1003,3.05
1400000U,6037920111,1020,2.98
1400000U,6037920112,1515,2.57
1400000U,6037920114,2156,2.76
1400000U,6037920115,1728,2.44
1400000U,6037920116,1591,3.25
1400000U,6037920118,1862,3.25
1400000U,6037920119,494,3.61
1400000U,6037920120,1072,4
1400000U,6037920121,3142,3.26
1400000U,6037920200,0,-
1400000U,6037920303,651,2.31
1400000U,6037920312,2180,2.87
1400000U,6037920313,1566,3.47
1400000U,6037920314,1025,3.24
1400000U,6037920322,972,2.85
1400000U,6037920326,2366,2.73
1400000U,6037920328,817,2.39
1400000U,6037920329,2669,2.41
1400000U,6037920330,1716,2.05
1400000U,6037920331,1231,2.99
1400000U,6037920332,581,2.96
1400000U,6037920334,2425,2.31
1400000U,6037920338,1714,3.3
1400000U,6037920339,2737,3.2
1400000U,6037920340,788,3.83
1400000U,6037920341,831,3.85
1400000U,6037920342,913,3.48
1400000U,6037920343,1238,3.39
1400000U,6037930400,355,2.57
1400000U,6037980001,0,-
1400000U,6037980002,0,-
1400000U,6037980003,0,-
1400000U,6037980004,0,-
1400000U,6037980005,0,-
1400000U,6037980006,0,-
1400000U,6037980007,0,-
1400000U,6037980008,26,4.23
1400000U,6037980009,0,-
1400000U,6037980010,92,1.85
1400000U,6037980011,35,3.63
1400000U,6037980012,0,-
1400000U,6037980013,0,-
1400000U,6037980014,10,4.5
1400000U,6037980015,476,2.06
1400000U,6037980016,91,3.62
1400000U,6037980017,37,5.24
1400000U,6037980018,0,-
1400000U,6037980019,40,1.98
1400000U,6037980020,0,-
1400000U,6037980021,4,4.25
1400000U,6037980022,0,-
1400000U,6037980023,0,-
1400000U,6037980024,60,2.28
1400000U,6037980025,206,2
1400000U,6037980026,0,-
1400000U,6037980028,0,-
1400000U,6037980030,0,-
1400000U,6037980031,5,2
1400000U,6037980033,0,-
1400000U,6037980034,0,-
1400000U,6037980035,193,3.08
1400000U,6037980036,163,4.76
1400000U,6037980037,0,-
1400000U,6037980038,0,-
1400000U,6037980039,0,-
1400000U,6037990100,0,-
1400000U,6037990200,0,-
1400000U,6037990300,0,-